Date,Symbol,Prev Close,Open,High,Low,Last,Close,VWAP,Volume
1/3/2000,GAIL,67.8,65,70,65,68.8,68.7,67.91,76055
1/4/2000,GAIL,68.7,69.85,72.9,66,67,66.35,67.29,98097
1/5/2000,GAIL,66.35,68.35,68.7,61.1,63,63.2,65.24,92690
1/6/2000,GAIL,63.2,64.8,67,63,64.75,64.95,65.55,173654
1/7/2000,GAIL,64.95,65.9,65.9,62,62.9,62.65,63.76,86590
1/10/2000,GAIL,62.65,64.95,64.95,62,62.7,62.3,62.81,85104
1/11/2000,GAIL,62.3,62,62.4,59,59.75,59.8,60.79,97101
1/12/2000,GAIL,59.8,62.7,62.7,60.25,61.7,61.55,61.25,97974
1/13/2000,GAIL,61.55,62.3,62.5,61.25,61.7,61.85,61.88,28151
1/14/2000,GAIL,61.85,61.75,62.9,60.05,62.9,62.45,61.34,33125
1/17/2000,GAIL,62.45,63.5,64.45,62,63.7,63.8,63.79,82245
1/18/2000,GAIL,63.8,64.4,67.9,63.55,66.55,66.95,65.33,70485
1/19/2000,GAIL,66.95,70,70,65,66,65.8,67.91,119332
1/20/2000,GAIL,65.8,65.5,66.45,62.85,63.45,63.4,64.26,47088
1/21/2000,GAIL,63.4,62.25,64,62,62.7,62.25,62.62,57404
1/24/2000,GAIL,62.25,63,64.25,61.25,62.5,62.15,62.61,53436
1/25/2000,GAIL,62.15,61.25,62.45,60.15,61,60.55,60.8,81899
1/27/2000,GAIL,60.55,62.7,63,60.5,60.9,60.8,61.17,38220
1/28/2000,GAIL,60.8,61.25,61.25,60,60.9,60.85,60.75,17670
1/31/2000,GAIL,60.85,60.25,61,58.1,58.8,58.5,59.59,24481
2/1/2000,GAIL,58.5,59,59.8,58.3,58.5,58.6,59,34865
2/2/2000,GAIL,58.6,60.75,61.95,60,61.05,61.05,61.03,31500
2/3/2000,GAIL,61.05,60.6,62.45,60.6,61.4,60.95,60.77,179501
2/4/2000,GAIL,60.95,61.5,61.5,59,60,59.85,59.77,42005
2/7/2000,GAIL,59.85,58,60.7,58,59,58.75,59,19835
2/8/2000,GAIL,58.75,58.45,59.25,56.25,56.25,56.95,57.34,43484
2/9/2000,GAIL,56.95,59.45,59.5,57,58.75,58.75,58.46,20148
2/10/2000,GAIL,58.75,59.8,62,59.3,61.6,61.5,60.32,102515
2/11/2000,GAIL,61.5,63.1,65,60.1,60.1,60.3,61.71,40995
2/14/2000,GAIL,60.3,61,61.9,57,57.9,57.15,58.86,38631
2/15/2000,GAIL,57.15,57,59.6,56.15,58,57.85,57.94,457722
2/16/2000,GAIL,57.85,59.55,61,57.6,57.6,58.15,59.09,39696
2/17/2000,GAIL,58.15,59.55,62.8,59.55,62.8,62.8,61.87,153868
2/18/2000,GAIL,62.8,67.85,67.85,67.85,67.85,67.85,67.85,30848
2/21/2000,GAIL,67.85,73.3,73.3,73.3,73.3,73.3,73.3,35708
2/22/2000,GAIL,73.3,79.2,79.2,78.75,79.2,79.2,79.19,260024
2/23/2000,GAIL,79.2,85.5,85.5,73.05,83,83.7,81.04,658407
2/24/2000,GAIL,83.7,84,84.9,77,77,77,79.37,88980
2/25/2000,GAIL,77,75.05,78.7,70.85,70.85,70.85,71.59,69660
2/28/2000,GAIL,70.85,67,70.45,65.2,70.45,69.7,66.2,120546
2/29/2000,GAIL,69.7,70.1,74.4,65,65.05,65.55,70.19,134205
3/1/2000,GAIL,65.55,65.1,70,65.05,68.6,68.2,68.05,35970
3/2/2000,GAIL,68.2,70.5,71.5,63,64,63.65,66.55,47455
3/3/2000,GAIL,63.65,62.5,64,59.75,60.95,60.6,60.62,36210
3/6/2000,GAIL,60.6,59.55,61.5,57.55,59.6,60,59.83,37080
3/7/2000,GAIL,60,56.55,59,56.3,57,57.2,58.26,105815
3/8/2000,GAIL,57.2,60.9,61.8,56.5,61.8,61.4,60.98,78465
3/9/2000,GAIL,61.4,64.4,65.9,59,65.15,65.35,62.79,44237
3/10/2000,GAIL,65.35,62,67.9,62,65.9,65.35,65.51,70990
3/13/2000,GAIL,65.35,64.9,65.7,62.75,64,64.75,63.68,51160
3/14/2000,GAIL,64.75,62.2,67.8,62,65,64.95,64.75,151438
3/15/2000,GAIL,64.95,65,66,63.1,63.95,64.8,64.83,37636
3/16/2000,GAIL,64.8,63.1,66,63,64.7,64.95,64.08,49930
3/21/2000,GAIL,64.95,63.1,64.3,59.95,60,60.05,62.76,78537
7/2/2001,GAIL,65,65.1,68,64,64.9,64.4,66.17,3480
7/3/2001,GAIL,64.4,67.45,67.45,63.1,64.35,64.4,64.25,2350
7/4/2001,GAIL,64.4,64.4,65.5,64,65.5,65.05,64.62,3755
7/5/2001,GAIL,65.05,64.55,65.1,64.05,65,65,64.84,8190
7/6/2001,GAIL,65,64.6,65,64.25,64.9,65,64.63,18870
7/9/2001,GAIL,65,63.75,65.25,62,65,65,64.65,20910
7/10/2001,GAIL,65,64.45,65.25,64.45,65,64.9,64.93,9589
7/11/2001,GAIL,64.9,65.6,65.7,64.1,65,65.15,64.92,11845
7/12/2001,GAIL,65.15,65.65,65.7,64.5,65.1,65.1,65.32,5120
7/13/2001,GAIL,65.1,64.5,65.25,64.25,64.25,64.5,64.64,9515
7/16/2001,GAIL,64.5,64.5,66,64.25,64.5,64.75,64.81,10410
7/17/2001,GAIL,64.75,65.25,66,64.15,64.15,64.15,64.89,28977
7/18/2001,GAIL,64.15,64.25,65.75,64.25,65,64.85,65.12,19055
7/19/2001,GAIL,64.85,64.5,65,63.5,63.5,63.5,64.1,21655
7/20/2001,GAIL,63.5,63.8,64,63,64,63,63.26,62751
7/23/2001,GAIL,63,62.5,62.5,62,62,62,62.02,50
7/24/2001,GAIL,62,63.15,63.15,61.75,62,62.2,62.51,9700
7/25/2001,GAIL,62.2,60.75,61.45,58.3,59.7,59.1,59.91,17316
7/26/2001,GAIL,59.1,59,59,57.15,58.75,58.35,58.59,6694
7/27/2001,GAIL,58.35,58,59,56,59,59,58.44,14627
7/30/2001,GAIL,59,58.8,59.5,58.1,59.05,59.05,58.87,4650
7/31/2001,GAIL,59.05,59.55,60,59,60,60,59.61,1886
8/1/2001,GAIL,60,59.85,60,58.75,59.5,59.55,59.85,16810
8/2/2001,GAIL,59.55,59.95,60.65,59.3,60,59.95,59.8,6048
8/3/2001,GAIL,59.95,59.25,60,59,60,59.8,59.91,13829
8/6/2001,GAIL,59.8,59.9,60,59.4,59.9,59.9,59.94,16155
8/7/2001,GAIL,59.9,59.75,60.65,59.75,60,60.4,60.03,8525
8/8/2001,GAIL,60.4,59.75,60.25,59.75,59.95,59.95,59.98,20555
8/9/2001,GAIL,59.95,59.3,60,59.3,60,60,59.78,3210
8/10/2001,GAIL,60,60.6,60.6,59.5,60,59.95,59.96,4344
8/13/2001,GAIL,59.95,59.6,60.35,59.6,59.95,60.05,59.97,3390
8/14/2001,GAIL,60.05,59.6,61.5,59.25,60.75,60.45,60.07,7817
8/16/2001,GAIL,60.45,60.5,61.5,60.5,61.45,61.2,60.99,1396
8/17/2001,GAIL,61.2,61.45,62.25,61,62,61.55,61.39,12060
8/20/2001,GAIL,61.55,61.6,62,61.5,62,61.9,61.77,1785
8/21/2001,GAIL,61.9,62.75,64,61,62,61.95,61.53,45417
8/23/2001,GAIL,61.95,61.9,62,59.8,59.8,59.95,60.03,15520
8/24/2001,GAIL,59.95,60,60.6,59.25,59.25,59.35,59.7,14791
8/27/2001,GAIL,59.35,60,60.5,58,58.3,58.6,58.63,42995
8/28/2001,GAIL,58.6,58.9,58.95,57.85,57.85,58,58.22,29670
8/29/2001,GAIL,58,58.9,59,57.85,57.85,57.9,58.4,11077
8/30/2001,GAIL,57.9,58,58.35,57.45,57.45,57.5,57.69,13090
8/31/2001,GAIL,57.5,58,58,55.85,56,56,56.64,26865
9/3/2001,GAIL,56,56.25,56.25,53.85,53.9,54,54.24,39554
9/4/2001,GAIL,54,54,55,52.75,54.5,54.75,53.75,26369
9/5/2001,GAIL,54.75,51.8,52,50.45,51,50.8,51.4,12742
9/6/2001,GAIL,50.8,50.8,51.75,50.8,51.75,51.7,51.59,12321
9/7/2001,GAIL,51.7,52,52.5,51.55,52,51.95,51.74,9036
9/10/2001,GAIL,51.95,51.75,52.65,51.75,52.65,52.45,52.25,8375
9/11/2001,GAIL,52.45,52.65,53.2,52.15,52.5,52.5,52.86,7361
9/12/2001,GAIL,52.5,51,52,49.75,50,50,50.59,17801
9/13/2001,GAIL,50,50,52,48.5,49.85,49.05,50.05,22129
9/14/2001,GAIL,49.05,49.7,49.7,44.05,46.05,45.95,46,18251
9/17/2001,GAIL,45.95,45.7,45.7,43,43.75,43.5,43.59,12901
9/18/2001,GAIL,43.5,44.8,46.45,44.1,45.6,45.5,45.06,6168
9/19/2001,GAIL,45.5,45,46.45,45,45.7,45.95,45.94,7195
9/20/2001,GAIL,45.95,46,48.4,45,48.4,47.85,46.43,11325
9/21/2001,GAIL,47.85,47.35,47.85,45.75,47.75,47.05,47.03,6230
9/24/2001,GAIL,47.05,45.25,47.9,45.25,47.5,47.55,47.24,5686
9/25/2001,GAIL,47.55,47.25,48.25,47.25,48,47.65,47.66,3646
9/26/2001,GAIL,47.65,47,50,47,49.65,49.65,49.01,6510
9/27/2001,GAIL,49.65,50.9,51,50,50.1,50.1,50.57,5075
9/28/2001,GAIL,50.1,51.3,51.35,50,51,50.6,50.54,1708
10/1/2001,GAIL,50.6,51,52.5,50.45,52.5,52.4,51.66,13676
10/3/2001,GAIL,52.4,54,55,53,53.6,53.55,53.77,20083
10/4/2001,GAIL,53.55,55,55,53.5,55,55,54.12,12125
10/5/2001,GAIL,55,55,55,54.1,54.9,54.9,54.74,11471
10/8/2001,GAIL,54.9,53,55.95,52.45,54.95,54.95,55.03,58400
10/9/2001,GAIL,54.95,54,55,54,54.4,54.95,54.88,15534
10/10/2001,GAIL,54.95,55.05,55.05,54.5,55,54.9,54.65,8920
10/11/2001,GAIL,54.9,54.95,55.5,54.55,55,54.9,55.11,9392
10/12/2001,GAIL,54.9,55.75,55.75,54.15,54.8,54.25,54.59,4406
10/15/2001,GAIL,54.25,54.65,55,54,55,54.85,54.64,13600
10/16/2001,GAIL,54.85,56,56.5,54.7,55.95,55.95,55.88,8329
10/17/2001,GAIL,55.95,56,56.85,52.05,55.4,55.8,55.88,7007
10/18/2001,GAIL,55.8,56,57.85,53,56.9,56.95,56.77,14539
10/19/2001,GAIL,56.95,57.5,58,56.15,57.9,57.75,57.24,6187
10/22/2001,GAIL,57.75,55.55,58,55.55,57.9,57.55,57.78,28657
10/23/2001,GAIL,57.55,58,59.5,57.3,58.25,58,58,29643
10/24/2001,GAIL,58,58,58.95,57.6,58.95,58.9,58.84,33332
10/25/2001,GAIL,58.9,58.9,59.4,58.5,58.9,58.9,58.75,10332
10/29/2001,GAIL,58.9,60,60,58.5,59.5,59.05,59.08,10725
10/30/2001,GAIL,59.05,60,60,58.5,60,59.9,59.41,25860
10/31/2001,GAIL,59.9,58.55,60.5,58.55,60,59.95,59.94,5875
11/1/2001,GAIL,59.95,60.9,60.9,59.5,60.5,60.4,60.12,12025
11/2/2001,GAIL,60.4,60.6,60.6,59.9,60,59.9,60.09,12477
11/5/2001,GAIL,59.9,60.4,60.5,59.6,59.9,59.9,60.01,8755
11/6/2001,GAIL,59.9,60,62,59.5,60.85,60.7,60.59,63450
11/7/2001,GAIL,60.7,61,63.25,60.85,63,62.55,62.15,24989
11/8/2001,GAIL,62.55,62,62.75,61.1,62.75,62.65,62.26,22259
11/9/2001,GAIL,62.65,62.25,62.9,61.25,62.15,61.95,62.02,40893
11/12/2001,GAIL,61.95,61.1,63.9,61.1,62.9,62.65,62.2,81950
11/13/2001,GAIL,62.65,61.35,64.5,61.35,62.9,62.9,62.54,92095
11/14/2001,GAIL,62.9,65,65.9,63,63.8,63.5,63.89,8150
11/15/2001,GAIL,63.5,64,65,63,63,63.75,63.9,75854
11/19/2001,GAIL,63.75,63,64,62,64,63.7,63.22,40633
11/20/2001,GAIL,63.7,63.75,64.5,62.5,64,64,63.57,21387
11/21/2001,GAIL,64,63,65,63,64.9,64.9,64.79,84082
11/22/2001,GAIL,64.9,66,66,64,64.55,64.6,64.76,47443
11/23/2001,GAIL,64.6,65,65,63.95,64.65,64.6,64.76,111395
11/26/2001,GAIL,64.6,65,65.9,64.05,64.9,64.65,64.7,46441
11/27/2001,GAIL,64.65,66,66,62,62,62.15,64.12,111956
11/28/2001,GAIL,62.15,63.65,63.65,58.5,62.6,62.5,62.86,49204
11/29/2001,GAIL,62.5,62.7,62.7,60.5,62,61.95,62.02,8252
12/3/2001,GAIL,61.95,57.2,63,57.2,63,62.65,62.27,7616
12/4/2001,GAIL,62.65,63,63,61.75,62,62.2,62.22,5885
12/5/2001,GAIL,62.2,62.25,63.7,62,62.3,62.8,63.01,9824
12/6/2001,GAIL,62.8,63.5,64.2,61.55,62.4,62.25,62.07,58616
12/7/2001,GAIL,62.25,62,63.8,62,62.75,62.7,62.69,23140
12/10/2001,GAIL,62.7,62.3,64,62.3,63.5,63.4,63.58,39449
12/11/2001,GAIL,63.4,64,64,62.8,64,63.9,63.65,28435
12/12/2001,GAIL,63.9,63.7,65.2,63.5,63.5,63.95,64.53,195359
12/13/2001,GAIL,63.95,65,65,60,62.8,62.5,63.18,31800
12/14/2001,GAIL,62.5,60.1,63.4,60,62.5,62.95,62.87,12131
12/18/2001,GAIL,62.95,60.25,63.4,60,61.9,61.9,62.04,196665
12/19/2001,GAIL,61.9,60.15,62.4,60.15,60.3,60.95,61.86,44116
12/20/2001,GAIL,60.95,60.5,61.75,60.25,61.15,60.9,60.87,47145
12/21/2001,GAIL,60.9,60.05,62,59.5,62,61.4,60.89,16141
12/24/2001,GAIL,61.4,60.25,61.95,59,61.25,61.55,61.14,23840
12/26/2001,GAIL,61.55,61.45,62.25,61.1,61.4,61.6,61.52,26715
12/27/2001,GAIL,61.6,61,62,60.35,61,60.95,61.28,5945
12/28/2001,GAIL,60.95,61,61.7,60.25,61.7,61.2,60.99,8877
12/31/2001,GAIL,61.2,61.3,63.25,61.2,63.25,63.25,62.71,7966
1/1/2002,GAIL,63.25,63.85,64,62.8,63.95,63.95,63.85,10150
1/2/2002,GAIL,63.95,65,65,63.8,64.75,64.75,64.66,17980
1/3/2002,GAIL,64.75,65.5,65.5,64.5,65.05,64.95,64.95,14670
1/4/2002,GAIL,64.95,65.5,65.5,64.5,65.25,65.05,64.8,7435
1/7/2002,GAIL,65.05,65.5,65.5,64.5,64.9,64.9,64.95,18910
1/8/2002,GAIL,64.9,65,65,64,64.5,64.55,64.43,5920
1/9/2002,GAIL,64.55,65.1,65.1,62.1,64.6,64.6,64.16,8822
1/10/2002,GAIL,64.6,64.6,65,64.1,64.9,64.8,64.71,16314
1/11/2002,GAIL,64.8,64,65,63.1,63.5,63.3,64.11,9560
1/14/2002,GAIL,63.3,64.45,65.5,64.05,65,65.2,64.7,4968
1/15/2002,GAIL,65.2,65.2,65.2,64.25,65,64.9,64.73,11056
1/16/2002,GAIL,64.9,65,68.25,65,67.4,67.4,66.21,18841
1/17/2002,GAIL,67.4,66.05,69.45,66.05,67.5,67.6,68.19,31845
1/18/2002,GAIL,67.6,68,68,66.5,66.5,66.85,67.58,7717
1/21/2002,GAIL,66.85,68,68,66.9,66.9,66.9,67.12,3922
1/22/2002,GAIL,66.9,68,68,66.6,66.7,66.8,67.02,4849
1/23/2002,GAIL,66.8,65.5,68.5,65.5,67.9,67.9,67.84,24000
1/24/2002,GAIL,67.9,68.5,68.5,67.4,67.8,67.8,67.9,17056
1/25/2002,GAIL,67.8,67.65,68.1,67.5,68,67.85,67.93,9435
1/28/2002,GAIL,67.85,69.8,69.8,67.6,68,68.1,67.86,20523
1/29/2002,GAIL,68.1,68.9,68.9,67.6,67.6,67.6,67.87,10026
1/30/2002,GAIL,67.6,67.5,68,66,66.3,66.75,67.35,19613
1/31/2002,GAIL,66.75,68,68.5,67,68,68.05,68.01,20950
2/1/2002,GAIL,68.05,68.45,76.2,68,73,72.7,73.13,137727
2/4/2002,GAIL,72.7,75,81.45,74.55,78.2,78.05,78.72,248352
2/5/2002,GAIL,78.05,80,82.9,76.5,82.9,80.45,79.52,239095
2/6/2002,GAIL,80.45,85.9,96,84.4,86.5,87.1,89.45,1378598
2/7/2002,GAIL,87.1,89.5,91.1,79,79.45,79.8,82.24,413133
2/8/2002,GAIL,79.8,80,82.5,78.6,79.95,79.45,80.06,175847
2/11/2002,GAIL,79.45,82.4,88,81,82.1,82.25,83.48,288229
2/12/2002,GAIL,82.25,82.5,85.75,81.1,81.4,81.4,82.93,267627
2/13/2002,GAIL,81.4,80.2,83,79.5,80,80.05,81.29,230485
2/14/2002,GAIL,80.05,82,87,80.6,83,83.5,83.9,1248696
2/15/2002,GAIL,83.5,84.75,91.5,83.6,85.6,85.8,87.89,1634633
2/18/2002,GAIL,85.8,88,88,78.25,82.6,81.75,82.54,852756
2/19/2002,GAIL,81.75,83.75,84,80.2,80.5,80.95,81.63,324651
2/20/2002,GAIL,80.95,80,82,78.1,78.5,78.6,80.11,373675
2/21/2002,GAIL,78.6,80.75,80.9,77.55,78.1,78.1,79.01,220745
2/22/2002,GAIL,78.1,78.25,83.7,77.8,78.3,78.45,80.59,693280
2/25/2002,GAIL,78.45,79.5,79.8,73.6,74,74.05,76.39,402243
2/26/2002,GAIL,74.05,75,78.4,74.15,77.35,77.1,76.17,1070294
2/27/2002,GAIL,77.1,78.2,79,74.05,74.25,74.35,76.43,520060
2/28/2002,GAIL,74.35,78,78,68.7,71.5,70.55,73.98,595520
3/1/2002,GAIL,70.55,72.1,74.35,70,74,73.8,72.26,197643
3/4/2002,GAIL,73.8,75.85,76.9,74.2,75.45,74.85,75.42,160985
3/5/2002,GAIL,74.85,76.8,76.8,73.45,73.6,73.7,74.75,175150
3/6/2002,GAIL,73.7,74.4,74.4,71.5,72.25,72.05,72.63,159960
3/7/2002,GAIL,72.05,73,73,71.85,72.85,72.6,72.48,175513
3/8/2002,GAIL,72.6,73.9,74,71.25,71.5,71.55,72.4,175319
3/11/2002,GAIL,71.55,72.1,72.5,71.1,71.75,71.55,71.57,72672
3/12/2002,GAIL,71.55,72.1,75,71.1,72,72.65,73.27,429010
3/13/2002,GAIL,72.65,72.75,74,72,72.4,72.15,73.06,113581
3/14/2002,GAIL,72.15,73.25,75.55,71.8,75.55,75,73.95,416370
3/15/2002,GAIL,75,76.05,77.9,75.05,76.55,76.65,76.6,441102
3/18/2002,GAIL,76.65,77,79.45,76,76.2,76.95,78.11,375344
3/19/2002,GAIL,76.95,77.6,77.6,73.6,74.2,74.1,75.96,203290
3/20/2002,GAIL,74.1,74.9,75.3,72.9,74.5,74.85,74.2,217082
3/21/2002,GAIL,74.85,74.5,75.1,74.1,74.9,74.9,74.74,65945
3/22/2002,GAIL,74.9,75,75.25,74.2,75,74.9,74.8,129126
3/26/2002,GAIL,74.9,74.1,75,74,74.75,74.9,74.74,185169
3/27/2002,GAIL,74.9,75,79,74.5,76.5,76.25,77.13,207487
3/28/2002,GAIL,76.25,77.5,78.5,76,76,76.1,77.1,169524
4/1/2002,GAIL,76.1,77.4,87.35,77,83.9,84.05,83.83,1463802
4/2/2002,GAIL,84.05,84.95,89.9,84.5,85.7,85.15,87.16,1345012
4/3/2002,GAIL,85.15,85.3,87.5,84,85.8,85.4,85.9,574764
4/4/2002,GAIL,85.4,86.25,88.4,85.6,85.75,86.1,86.92,511570
4/5/2002,GAIL,86.1,87,91.85,85.15,90,88.7,89.17,1026200
4/8/2002,GAIL,88.7,90.9,94.9,89.75,91.2,90.6,92.31,1059935
4/9/2002,GAIL,90.6,92.3,92.4,85.1,86.2,85.8,88.29,622383
4/10/2002,GAIL,85.8,85.9,87,83.5,83.9,83.7,84.82,304834
4/11/2002,GAIL,83.7,84.75,88.45,84.1,86,85.8,86.47,438174
4/12/2002,GAIL,85.8,86.5,87.9,83.6,84,84.05,85.52,291509
4/15/2002,GAIL,84.05,84.95,85.2,81.2,82.2,82.4,83.35,228433
4/16/2002,GAIL,82.4,82,82.7,79.95,80.5,80.45,80.91,167680
4/17/2002,GAIL,80.45,80.4,82.5,79,79.3,79.25,80.05,174589
4/18/2002,GAIL,79.25,80,83.75,79.25,80,80.35,81.33,366975
4/19/2002,GAIL,80.35,80.95,82.05,78.5,79.3,78.95,80.44,204046
4/22/2002,GAIL,78.95,80.15,80.15,77.05,77.7,77.55,78.16,231789
4/23/2002,GAIL,77.55,77.75,80.3,77.4,78.55,78.7,79.08,155700
4/24/2002,GAIL,78.7,79.75,80.85,78.5,78.65,78.8,79.27,99924
4/25/2002,GAIL,78.8,79.5,79.75,77.3,77.5,77.45,77.78,105128
4/26/2002,GAIL,77.45,78,79,75.25,76.25,76,77.35,123723
4/29/2002,GAIL,76,76.9,79,76.9,78.5,77.95,77.85,110223
4/30/2002,GAIL,77.95,77,80,77,79.3,79.55,79.03,277236
5/2/2002,GAIL,79.55,80.5,82.9,78.55,78.55,79.55,80.87,267865
5/3/2002,GAIL,79.55,80.5,80.5,77.5,78.25,77.9,78.09,164693
5/6/2002,GAIL,77.9,78.9,80.95,77.5,80.25,80,79.13,191914
5/7/2002,GAIL,80,79.95,81,79,79.15,79.4,80.04,206213
5/8/2002,GAIL,79.4,79.95,80,78.5,79,79.05,79.23,96463
5/9/2002,GAIL,79.05,80,81.5,78,79,80,79.99,369653
5/10/2002,GAIL,80,81.9,81.95,77.5,77.65,77.8,78.57,304672
5/13/2002,GAIL,77.8,78.6,79,76,76.8,76.7,77.34,371451
5/14/2002,GAIL,76.7,76.8,77.5,75.5,75.6,75.85,76.29,238152
5/15/2002,GAIL,75.85,76.85,76.85,74.55,75.15,74.8,75.34,197750
5/16/2002,GAIL,74.8,75,76.75,74,75.25,74.55,74.85,350852
5/17/2002,GAIL,74.55,76,76,73.4,74.9,74.45,74.61,542668
5/20/2002,GAIL,74.45,76.5,76.55,72.2,75.05,74.95,74.56,296855
5/21/2002,GAIL,74.95,75,75.05,71.05,74.9,73.75,73.02,338788
5/22/2002,GAIL,73.75,73.55,76,71.95,75.2,75.25,74.65,321661
5/23/2002,GAIL,75.25,77.5,79.55,75,75.15,75.25,76.89,323517
5/24/2002,GAIL,75.25,77,77.5,73.25,75.6,75.4,75.17,489084
5/27/2002,GAIL,75.4,77.65,82.3,75.65,80.8,80.25,80.1,1447361
5/28/2002,GAIL,80.25,75,84.3,75,77.15,78.75,81.58,1634213
5/29/2002,GAIL,78.75,78.5,81.3,78,79.25,78.65,79.17,574669
5/30/2002,GAIL,78.65,79.7,81.75,76.35,77.65,77.15,79.17,461286
5/31/2002,GAIL,77.15,77.35,78.5,74.55,75.6,75.8,75.97,238790
6/3/2002,GAIL,75.8,77.5,77.9,76.45,76.9,76.85,77.1,198612
6/4/2002,GAIL,76.85,77,77.95,75.75,76,76.3,76.66,165168
6/5/2002,GAIL,76.3,77.05,81.2,76.6,78.75,78.3,79.22,479293
6/6/2002,GAIL,78.3,80,81,78.1,78.2,78.35,79.48,436610
6/7/2002,GAIL,78.35,78.5,78.5,76,76.85,76.55,77.01,157280
6/10/2002,GAIL,76.55,79,80,77.5,78.3,78.05,78.25,140802
6/11/2002,GAIL,78.05,79.65,79.65,78.15,78.6,78.75,78.75,149964
6/12/2002,GAIL,78.75,79,79.5,76.5,77,77.15,77.74,252440
6/13/2002,GAIL,77.15,77.95,77.95,76.1,76.6,76.35,77.11,263046
6/14/2002,GAIL,76.35,76.75,76.95,74.3,75.3,74.9,75.39,279758
6/17/2002,GAIL,74.9,76.25,77,75.25,76.5,76.2,76.28,139834
6/18/2002,GAIL,76.2,77.4,77.5,74.5,75.2,74.85,75.64,328138
6/19/2002,GAIL,74.85,76.25,76.6,74.85,75.05,75.1,75.57,185269
6/20/2002,GAIL,75.1,75,75.55,74.55,74.6,74.85,75.04,146659
6/21/2002,GAIL,74.85,75.6,75.6,74.5,75,75,74.97,72676
6/24/2002,GAIL,75,75,75.45,74.5,75,75.1,74.99,46180
6/25/2002,GAIL,75.1,75.5,75.5,74.55,74.9,74.9,74.87,49465
6/26/2002,GAIL,74.9,74.9,74.9,74.4,74.75,74.7,74.63,48239
6/27/2002,GAIL,74.7,74.75,75.65,74.2,75.6,74.65,74.7,202146
6/28/2002,GAIL,74.65,75.95,76.8,75.05,75.15,75.25,75.44,47560
7/1/2002,GAIL,75.25,75.9,75.95,75.05,75.25,75.35,75.5,51712
7/2/2002,GAIL,75.35,76,76,73.5,74.95,74.55,74.7,374935
7/3/2002,GAIL,74.55,75.5,75.5,74.1,75.15,74.6,74.68,441692
7/4/2002,GAIL,74.6,75.2,75.65,74.95,75,75.05,75.31,76381
7/5/2002,GAIL,75.05,75.95,75.95,75.05,75.4,75.2,75.34,79198
7/8/2002,GAIL,75.2,76.5,76.5,74.1,74.9,74.5,74.73,446526
7/9/2002,GAIL,74.5,80,82,77,78.45,78.45,79.32,863793
7/10/2002,GAIL,78.45,79,80.4,76.75,78.25,78.3,78.94,479810
7/11/2002,GAIL,78.3,77.95,79.65,77,77.35,77.35,78.25,186974
7/12/2002,GAIL,77.35,80,81.95,78.2,78.85,78.6,79.67,770683
7/15/2002,GAIL,78.6,79.5,82.5,78.15,82.45,81.2,80.19,1043073
7/16/2002,GAIL,81.2,82.05,82.9,78.05,78.25,78.55,80.28,1062699
7/17/2002,GAIL,78.55,78.7,78.7,75.25,75.65,75.85,76.57,398476
7/18/2002,GAIL,75.85,77,77,75.3,76.1,76.2,76.16,361642
7/19/2002,GAIL,76.2,75.3,76.5,75.3,75.4,75.45,75.74,318447
7/22/2002,GAIL,75.45,75,75.4,74.5,75.05,75,74.97,276085
7/23/2002,GAIL,75,75,75,74.1,74.95,74.95,74.82,107946
7/24/2002,GAIL,74.95,74.65,75,74.45,74.75,74.85,74.79,239246
7/25/2002,GAIL,74.85,75,75.9,73.1,73.5,74.3,74.52,530534
7/26/2002,GAIL,74.3,78,78,72.85,73.35,73.15,74.14,846041
7/29/2002,GAIL,73.15,74.9,76,69.65,71.6,71.7,71.58,348899
7/30/2002,GAIL,71.7,73.45,73.45,71.4,72.75,72.65,72.41,248648
7/31/2002,GAIL,72.65,70.55,73.9,70.15,73,73.2,71.81,146623
8/1/2002,GAIL,73.2,72,73.65,72,72.4,72.3,72.92,146671
8/2/2002,GAIL,72.3,71.05,73.95,71.05,72.85,73.15,72.78,276451
8/5/2002,GAIL,73.15,74,74,72.85,73.75,73.5,73.49,255732
8/6/2002,GAIL,73.5,73.8,73.8,72.65,72.95,73.3,73.43,228170
8/7/2002,GAIL,73.3,74,74,72.45,72.8,73.05,73.26,265512
8/8/2002,GAIL,73.05,73,73.4,71.1,71.2,71.3,72.32,102085
8/9/2002,GAIL,71.3,71.5,71.9,71,71.25,71.45,71.48,92881
8/12/2002,GAIL,71.45,71.6,71.95,71.05,71.4,71.3,71.42,39389
8/13/2002,GAIL,71.3,72,72.3,70.75,71.2,71.05,71.34,70812
8/14/2002,GAIL,71.05,71.35,72,71,71.4,71.2,71.43,134995
8/16/2002,GAIL,71.2,71.9,71.9,70.65,71,70.85,71.3,136974
8/19/2002,GAIL,70.85,70,73.95,70,70.25,70.45,72.05,535397
8/20/2002,GAIL,70.45,70.8,72.9,70.7,71.15,70.95,71.67,367821
8/21/2002,GAIL,70.95,71.5,71.75,70.25,70.4,70.4,70.92,178722
8/22/2002,GAIL,70.4,71.1,71.95,70.25,71,70.8,70.88,192474
8/23/2002,GAIL,70.8,71.2,71.2,69.6,69.8,69.95,70.34,219596
8/26/2002,GAIL,69.95,70,70.05,69.4,69.6,69.7,69.76,169448
8/27/2002,GAIL,69.7,69.75,70,69.25,69.25,69.4,69.8,143369
8/28/2002,GAIL,69.4,69.5,69.75,69.2,69.25,69.3,69.45,76967
8/29/2002,GAIL,69.3,69.25,69.5,68.7,68.95,68.8,69.1,98392
8/30/2002,GAIL,68.8,68.95,69.4,68.6,69.3,69.3,69.25,161699
9/2/2002,GAIL,69.3,69.5,70.4,68.7,68.7,68.85,69.11,109897
9/3/2002,GAIL,68.85,69.05,69.3,68.55,68.6,68.75,68.91,73648
9/4/2002,GAIL,68.75,68.75,69,68.5,68.75,68.75,68.86,261984
9/5/2002,GAIL,68.75,70,70,68.6,68.8,68.8,69.07,177363
9/6/2002,GAIL,68.8,69,69,68.35,69,68.9,68.87,108081
9/9/2002,GAIL,68.9,55.25,67.9,55.25,66,65.85,66.11,331817
9/11/2002,GAIL,65.85,62.85,63.95,62,62.85,63,63.12,128645
9/12/2002,GAIL,63,63.5,63.75,62.6,63.75,63.65,63.4,68855
9/13/2002,GAIL,63.65,63.5,64,62.6,63.5,63.35,63.56,36578
9/16/2002,GAIL,63.35,75,75,62,62.05,62.15,63.28,117988
9/17/2002,GAIL,62.15,63.2,63.25,61.1,61.45,61.3,61.69,73258
9/18/2002,GAIL,61.3,61.3,62,60.5,61.5,61.45,61.15,75765
9/19/2002,GAIL,61.45,61.05,61.5,60,61.1,61.05,60.95,100870
9/20/2002,GAIL,61.05,60,62.95,60,62.6,62.5,61.52,62402
9/23/2002,GAIL,62.5,63,63,62,62,62.2,62.51,35066
9/24/2002,GAIL,62.2,62.3,62.3,61.2,62.1,62.15,61.82,29810
9/25/2002,GAIL,62.15,61,62,60.6,62,61.7,61.55,34106
9/26/2002,GAIL,61.7,62.25,63.75,62.05,63.75,63.15,62.76,48741
9/27/2002,GAIL,63.15,64,64.5,63,63.95,64.05,63.8,63353
9/30/2002,GAIL,64.05,63.7,63.85,62,62.55,62.45,62.89,73644
10/1/2002,GAIL,62.45,62.6,63.5,61.5,63.4,63.25,62.59,103292
10/3/2002,GAIL,63.25,63.9,63.95,62.45,63.8,63.85,63.49,88669
10/4/2002,GAIL,63.85,63,64,62.95,63.6,63.4,63.37,246985
10/7/2002,GAIL,63.4,64.55,67,63.9,63.9,63.9,64.37,429504
10/8/2002,GAIL,63.9,64.9,64.9,63.5,63.85,63.9,64.07,381276
10/9/2002,GAIL,63.9,65,65,63.2,63.3,63.45,63.68,162720
10/10/2002,GAIL,63.45,63.85,64.05,63,63.8,63.95,63.72,76864
10/11/2002,GAIL,63.95,64.4,64.65,63.65,64.55,64.45,64.33,174997
10/14/2002,GAIL,64.45,64,65,61,64.5,64.7,64.65,158531
10/16/2002,GAIL,64.7,64.3,65,64.2,64.55,64.9,64.82,201582
10/17/2002,GAIL,64.9,64.8,65,63.9,65,64.95,64.67,145155
10/18/2002,GAIL,64.95,64.9,65.2,63.55,63.65,64.3,64.83,346837
10/21/2002,GAIL,64.3,64.45,64.95,63.9,64.55,64.6,64.6,83375
10/22/2002,GAIL,64.6,64.5,65.45,64.25,65,65.05,64.99,130100
10/23/2002,GAIL,65.05,64.5,67.5,64.5,65.65,65.6,66.23,195086
10/24/2002,GAIL,65.6,65.95,65.95,64.75,65,65,65.3,259809
10/25/2002,GAIL,65,65,65.5,64.1,65.5,65.05,64.79,119137
10/28/2002,GAIL,65.05,65.35,66,65.3,65.65,65.6,65.69,74383
10/29/2002,GAIL,65.6,66,66.85,65.4,65.55,66.15,65.96,280343
10/30/2002,GAIL,66.15,66,66.8,65.9,66.4,66.15,66.36,158867
10/31/2002,GAIL,66.15,66.2,66.7,66,66.15,66.2,66.32,53899
11/1/2002,GAIL,66.2,66.75,67.4,65.9,66.95,67,66.76,227618
11/4/2002,GAIL,67,68.45,68.45,66.5,66.7,66.9,67.1,37163
11/5/2002,GAIL,66.9,66.9,67,66,66.35,66.45,66.44,66611
11/7/2002,GAIL,66.45,66.7,66.75,65,65.25,65.85,66.27,461271
11/8/2002,GAIL,65.85,65.5,66.95,65.3,66.5,66.75,66.47,203451
11/11/2002,GAIL,66.75,65.5,66.85,65.5,65.8,65.85,66.06,46093
11/12/2002,GAIL,65.85,66.9,66.9,65.75,65.85,66.05,66.36,110253
11/13/2002,GAIL,66.05,66.5,67.75,66,66.3,66.35,66.65,636392
11/14/2002,GAIL,66.35,66.1,66.75,65.4,65.5,65.85,66.12,202726
11/15/2002,GAIL,65.85,66.5,66.5,65.4,65.65,65.65,65.62,136732
11/18/2002,GAIL,65.65,66.45,66.45,65.85,66.15,65.95,66.03,70246
11/20/2002,GAIL,65.95,66.45,66.5,66,66.05,66.15,66.18,85605
11/21/2002,GAIL,66.15,66.5,66.5,66.15,66.2,66.2,66.27,30146
11/22/2002,GAIL,66.2,66.1,66.65,66.1,66.3,66.45,66.34,41936
11/25/2002,GAIL,66.45,66.5,67.5,66,66.8,66.95,66.78,86812
11/26/2002,GAIL,66.95,66.7,67.9,66.7,67.3,67.35,67.47,79554
11/27/2002,GAIL,67.35,68.25,68.8,66.5,66.5,66.65,67.71,144357
11/28/2002,GAIL,66.65,67.7,67.85,66.75,67,66.95,67.19,51292
11/29/2002,GAIL,66.95,67.75,67.95,66.55,67.9,67.6,67.29,47484
12/2/2002,GAIL,67.6,68.75,71.3,68.15,69,69,69.65,418819
12/3/2002,GAIL,69,70,71,67.7,67.75,68.1,68.92,339926
12/4/2002,GAIL,68.1,67.95,68.5,67.3,68.15,68.25,68.1,46786
12/5/2002,GAIL,68.25,68.5,69.05,68.1,69,68.8,68.8,57107
12/6/2002,GAIL,68.8,71.5,74.9,70.1,70.5,70.65,71.26,430958
12/9/2002,GAIL,70.65,72,72,68.5,68.8,69.1,70.67,168936
12/10/2002,GAIL,69.1,68,69,67.6,68.1,68.35,68.14,97663
12/11/2002,GAIL,68.35,70,70.5,69,69.1,69.15,69.7,108215
12/12/2002,GAIL,69.15,68.9,69.95,68.8,69.1,69.2,69.38,70890
12/13/2002,GAIL,69.2,69,69.6,68.7,69.3,69.3,69.15,40654
12/16/2002,GAIL,69.3,70.35,70.35,69,69.4,69.2,69.79,148779
12/17/2002,GAIL,69.2,69.9,70.6,67.7,68.6,68.25,68.66,118724
12/18/2002,GAIL,68.25,68.05,68.85,68.05,68.2,68.35,68.41,45106
12/19/2002,GAIL,68.35,68.05,68.75,68,68.7,68.55,68.44,53842
12/20/2002,GAIL,68.55,68.75,68.8,68.2,68.5,68.5,68.5,39254
12/23/2002,GAIL,68.5,68.5,69,68.1,68.95,68.9,68.72,101632
12/24/2002,GAIL,68.9,68.3,69.95,68.25,69.7,69.7,69.4,75886
12/26/2002,GAIL,69.7,69.85,70.25,69.4,69.85,69.95,69.83,76432
12/27/2002,GAIL,69.95,70,70.25,69.5,70,69.9,69.9,123187
12/30/2002,GAIL,69.9,61.8,71.8,61.8,71,71.3,70.69,254596
12/31/2002,GAIL,71.3,69,71.6,69,70.4,70.25,70.56,63412
1/1/2003,GAIL,70.25,70.7,71.25,70.25,70.75,70.75,70.78,35030
1/2/2003,GAIL,70.75,71.25,71.75,70,70.5,70.65,71.07,151323
1/3/2003,GAIL,70.65,72.7,73,71.5,72,71.9,72.21,250607
1/6/2003,GAIL,71.9,72.5,73.5,72,72.05,72.4,72.53,124913
1/7/2003,GAIL,72.4,73.5,73.5,72.5,72.7,72.75,73,114565
1/8/2003,GAIL,72.75,73.45,73.5,72.6,73.25,73,73.02,63286
1/9/2003,GAIL,73,73.45,73.5,72.6,72.9,72.85,73.1,93826
1/10/2003,GAIL,72.85,74,74.7,72.25,72.4,72.5,72.86,62905
1/13/2003,GAIL,72.5,70,72.7,70,71.5,71.65,71.95,70865
1/14/2003,GAIL,71.65,72,72.25,71.1,71.8,71.5,71.37,56357
1/15/2003,GAIL,71.5,71.9,72.1,71.6,71.9,71.75,71.84,35609
1/16/2003,GAIL,71.75,71.65,72.85,71.55,72.75,72.6,72.47,66119
1/17/2003,GAIL,72.6,73,73.5,72.45,73.3,73.15,73.18,111868
1/20/2003,GAIL,73.15,73.6,74.95,72.55,73.6,73.75,74.11,142495
1/21/2003,GAIL,73.75,73.05,74.5,73.05,73.8,73.85,73.93,97775
1/22/2003,GAIL,73.85,73.8,74,73.2,73.35,73.35,73.77,57550
1/23/2003,GAIL,73.35,73.75,73.9,72.4,72.5,72.45,72.76,45183
1/24/2003,GAIL,72.45,72.95,72.95,71.25,71.45,71.4,71.87,62626
1/27/2003,GAIL,71.4,72,72.1,69.1,70,70,70.2,239188
1/28/2003,GAIL,70,68,72.55,68,71,70.95,71.25,173555
1/29/2003,GAIL,70.95,70.1,70.35,68.7,70.05,69.95,69.37,458361
1/30/2003,GAIL,69.95,70,71.8,69.1,71.65,70.85,70.21,667092
1/31/2003,GAIL,70.85,70.9,71.5,69.9,70,70.05,70.21,39745
2/3/2003,GAIL,70.05,70.5,70.8,69.5,69.85,69.95,70.06,42826
2/4/2003,GAIL,69.95,71.4,71.5,69.65,70,69.95,70.14,70660
2/5/2003,GAIL,69.95,70.2,70.95,69.8,70.8,70.7,70.2,109099
2/6/2003,GAIL,70.7,71,71.1,70.1,71,70.95,70.77,51483
2/7/2003,GAIL,70.95,70.6,71.45,70.55,71.05,71,71.01,65580
2/10/2003,GAIL,71,70.6,71.25,70.4,70.9,70.95,70.89,53745
2/11/2003,GAIL,70.95,70.7,71.2,70.45,71,71,71,68194
2/12/2003,GAIL,71,71,71,70,70.2,70.05,70.2,73828
2/14/2003,GAIL,70.05,69.5,70.25,69.15,70,70,69.97,92432
2/17/2003,GAIL,70,71,71,70.1,70.45,70.5,70.48,32893
2/18/2003,GAIL,70.5,70.5,71.3,70.25,71,70.9,70.7,52417
2/19/2003,GAIL,70.9,71.4,73.15,71,72.8,72.85,72.27,183823
2/20/2003,GAIL,72.85,69.7,73.9,69.7,72.95,73,72.6,219980
2/21/2003,GAIL,73,72.2,74,72.1,73.8,73.65,73.06,135997
2/24/2003,GAIL,73.65,73.5,74.45,73.25,74,74.15,74.01,78894
2/25/2003,GAIL,74.15,73.1,76.25,73.1,74.9,75.15,75.12,293720
2/26/2003,GAIL,75.15,74.85,76.2,74.15,75,74.95,74.96,1056985
2/27/2003,GAIL,74.95,75.75,79,73.8,77.8,77.95,77.4,554738
2/28/2003,GAIL,77.95,79.7,80.25,77.1,79,79.45,79.02,1202319
3/3/2003,GAIL,79.45,80,80,76.4,76.6,77,78.23,204921
3/4/2003,GAIL,77,76.5,76.6,74.7,75,75,75.2,353228
3/5/2003,GAIL,75,74.1,75.4,74,74.4,74.9,74.53,294824
3/6/2003,GAIL,74.9,74,75.25,74,75,75,74.85,27213
3/7/2003,GAIL,75,74.5,75.25,73.2,74.5,74.45,74.83,151583
3/10/2003,GAIL,74.45,74.85,74.85,73.05,74.05,74.4,74.14,156727
3/11/2003,GAIL,74.4,73,74.35,73,74.35,74.15,73.55,42426
3/12/2003,GAIL,74.15,73.85,75.4,73.65,74,74.3,74.62,69598
3/13/2003,GAIL,74.3,73.7,74.1,72.85,73.5,73.3,73.25,117429
3/17/2003,GAIL,73.3,73.6,73.9,72.5,73.9,73.5,73.45,146783
3/19/2003,GAIL,73.5,74.3,74.8,73.25,73.7,74.25,73.95,66882
3/20/2003,GAIL,74.25,73.7,74.8,73.5,74.65,74.65,74.31,38373
3/21/2003,GAIL,74.65,74.75,75.4,74,75.3,75.1,74.79,41436
3/22/2003,GAIL,75.1,75.9,76,74.75,74.9,74.95,75.18,13414
3/24/2003,GAIL,74.95,74.75,75.2,74.1,75,75.05,74.78,34330
3/25/2003,GAIL,75.05,73.75,75.25,73.75,75,75,74.85,50266
3/26/2003,GAIL,75,75.5,75.85,74.8,74.95,74.9,75.25,41062
3/27/2003,GAIL,74.9,75.25,76.8,75,75.5,76,76.05,89465
3/28/2003,GAIL,76,76.1,76.4,75,75.5,75.15,75.38,26601
3/31/2003,GAIL,75.15,74.25,75.5,74,75.2,74.9,74.92,53092
4/1/2003,GAIL,74.9,75.4,78,74.4,76.6,75.55,74.97,177439
4/2/2003,GAIL,75.55,75.6,77.7,75.6,77.3,77.4,76.93,43741
4/3/2003,GAIL,77.4,78.9,79,78.05,78.25,78.35,78.48,78233
4/4/2003,GAIL,78.35,78.55,78.75,77.3,77.55,77.65,77.74,62262
4/7/2003,GAIL,77.65,78.65,78.75,77.35,77.45,77.85,77.87,190234
4/8/2003,GAIL,77.85,77.6,78,77.05,77.85,77.5,77.57,23939
4/9/2003,GAIL,77.5,78,78,76.8,77.7,77.45,77.44,39803
4/10/2003,GAIL,77.45,77.25,77.45,75.2,76.25,75.65,76.11,29060
4/11/2003,GAIL,75.65,75.5,78.7,75,75.4,75.45,76.21,39922
4/15/2003,GAIL,75.45,76,76,74.8,74.8,75.05,75.27,32858
4/16/2003,GAIL,75.05,76,78.2,75.5,77.5,77.2,77.36,311776
4/17/2003,GAIL,77.2,77.95,77.95,74.9,75.7,75.5,75.63,74742
4/21/2003,GAIL,75.5,79,80,76.8,77.5,77.45,77.65,104678
4/22/2003,GAIL,77.45,78,78,75.1,76,75.5,75.86,179185
4/23/2003,GAIL,75.5,76.05,77.5,76,77.05,77.05,76.79,55021
4/24/2003,GAIL,77.05,77,78.25,76.5,77.2,77.45,77.31,336398
4/25/2003,GAIL,77.45,76.9,77.4,76,77.25,76.95,76.57,38509
4/28/2003,GAIL,76.95,76.2,77.5,75.9,75.9,76.05,76.41,62519
4/29/2003,GAIL,76.05,76.7,77.5,76.5,77.35,77.35,77.15,47867
4/30/2003,GAIL,77.35,77.9,81,77.4,79.5,79.45,79.72,633803
5/2/2003,GAIL,79.45,80.25,85,80.1,80.5,80.85,82.29,748756
5/5/2003,GAIL,80.85,81.85,82,80.5,80.8,80.75,81.24,847112
5/6/2003,GAIL,80.75,81.85,81.85,79.05,79.95,80.25,80.16,477144
5/7/2003,GAIL,80.25,80,83.5,79.15,80,80.05,81.33,395895
5/8/2003,GAIL,80.05,79.05,80.8,78.35,79,79.05,79.4,246803
5/9/2003,GAIL,79.05,79.85,80.05,78.25,80,79.85,79.15,144174
5/12/2003,GAIL,79.85,79.15,80.7,79,80,79.9,79.93,165986
5/13/2003,GAIL,79.9,80,81,79.7,80.2,80.35,80.21,198327
5/14/2003,GAIL,80.35,80.4,81.4,80.1,80.6,80.6,80.48,276070
5/15/2003,GAIL,80.6,80.5,83.8,80.5,81.95,81.65,82.35,609914
5/16/2003,GAIL,81.65,82.9,86,82.55,85.55,85.5,84.79,537256
5/19/2003,GAIL,85.5,85.5,87.7,83.7,84.4,84.3,85.66,919320
5/20/2003,GAIL,84.3,84.8,85.85,81.25,84.75,84.15,82.85,860561
5/21/2003,GAIL,84.15,86,88.4,85.3,88,87.3,86.91,653281
5/22/2003,GAIL,87.3,88.5,93.5,88,91.2,91.2,91.2,1711627
5/23/2003,GAIL,91.2,92.4,93.5,89.05,89.7,89.55,90.77,1133485
5/26/2003,GAIL,89.55,90.9,93.9,90.9,92.5,92.3,92.36,2085420
5/27/2003,GAIL,92.3,93.95,99,92,94,93.35,96.03,2538861
5/28/2003,GAIL,93.35,95.9,97,93.55,94.35,94.05,95.02,2263580
5/29/2003,GAIL,94.05,95,103.2,93.65,102.3,102.25,99.27,4707813
5/30/2003,GAIL,102.25,103.5,107,101,102.9,102.75,104.2,3712521
6/2/2003,GAIL,102.75,104.85,109.5,101.6,105.05,105.1,106.28,2327735
6/3/2003,GAIL,105.1,105.95,105.95,102.75,103.7,103.35,104.15,1410198
6/4/2003,GAIL,103.35,104.4,107.9,104.4,106.1,106.3,106.41,3099066
6/5/2003,GAIL,106.3,109,109,99.25,103.3,104.15,103.72,2565770
6/6/2003,GAIL,104.15,103.95,106,103.2,105,104.7,104.68,1400366
6/9/2003,GAIL,104.7,106,107,102.55,103.05,103.2,104.53,1358774
6/10/2003,GAIL,103.2,103,104.95,99.1,100,100.05,102.23,1326102
6/11/2003,GAIL,100.05,101.25,103.95,99.5,100.8,100.75,101.82,1418697
6/12/2003,GAIL,100.75,102.5,107.5,101.05,106.75,106.3,105.4,3890518
6/13/2003,GAIL,106.3,108.05,110,105.05,106.25,105.8,108.13,3981912
6/16/2003,GAIL,105.8,107.3,107.9,104.3,106.05,105.4,106.09,1944980
6/17/2003,GAIL,105.4,107.35,110.95,105.75,110.4,110,108.48,2959408
6/18/2003,GAIL,110,111.1,116.6,108.65,114,113.35,113.67,8674028
6/19/2003,GAIL,113.35,116,118.4,115.05,116.8,116.5,116.8,5296987
6/20/2003,GAIL,116.5,118.15,118.15,112.15,112.5,113,114.27,3880030
6/23/2003,GAIL,113,114.5,115.95,108.05,108.7,108.6,112.03,3433361
6/24/2003,GAIL,108.6,108.6,111.4,107,109.35,109.05,109.55,2692303
6/25/2003,GAIL,109.05,110.4,113,109.5,112.75,112.15,111.78,3423779
6/26/2003,GAIL,112.15,114,114,111.05,112,111.8,112.57,1984167
6/27/2003,GAIL,111.8,113.35,113.35,108.7,110.5,110.55,110.78,1511328
6/30/2003,GAIL,110.55,111.8,115.3,109.55,111,110.4,111.92,2809164
7/1/2003,GAIL,110.4,111.8,111.8,109.4,109.75,109.85,110.42,1859165
7/2/2003,GAIL,109.85,110.3,112.8,109,109.25,109.4,110.84,1945427
7/3/2003,GAIL,109.4,112.35,112.35,107.25,108,108.15,109.28,2185642
7/4/2003,GAIL,108.15,109.25,111.5,107.3,109.5,109.35,109.72,3071463
7/7/2003,GAIL,109.35,110,113.4,110,111.75,111.95,111.99,4534615
7/8/2003,GAIL,111.95,113,115.9,110.5,111.4,111.05,113.59,4760175
7/9/2003,GAIL,111.05,111.85,111.9,108.45,109,109.05,109.75,1621908
7/10/2003,GAIL,109.05,110,110,107.55,108.55,108.3,108.49,1106879
7/11/2003,GAIL,108.3,108.95,110.5,108.9,110.05,109.75,109.75,1118585
7/14/2003,GAIL,109.75,110.7,113,110,111.45,111.65,111.21,1661633
7/15/2003,GAIL,111.65,112,113,108.75,110,109.85,110.32,1504341
7/16/2003,GAIL,109.85,108,112.8,105,111,110.55,110.5,2096217
7/17/2003,GAIL,110.55,111.75,114,109.9,110.25,110.55,112.38,2496619
7/18/2003,GAIL,110.55,109,111.55,107.8,109.5,108.9,109.29,1431937
7/21/2003,GAIL,108.9,110.3,110.3,105.25,106.3,106.2,108.02,1141523
7/22/2003,GAIL,106.2,106.8,106.95,105,106.45,106.5,106.1,1000354
7/23/2003,GAIL,106.5,107.35,110.25,107.1,109.3,108.55,108.72,1094741
7/24/2003,GAIL,108.55,110.5,112.3,108.1,112,111.55,110.53,1968113
7/25/2003,GAIL,111.55,112.5,113.65,110.1,112.4,112.45,111.89,1557069
7/28/2003,GAIL,112.45,113.4,114.8,112.05,113.25,113.2,113.57,2207507
7/29/2003,GAIL,113.2,113.65,114,109.6,112,111.6,111.32,1546859
7/30/2003,GAIL,111.6,112.4,118.8,112,117.7,116.9,115.17,2289297
7/31/2003,GAIL,116.9,118.95,122.5,118.15,120.6,120.6,120.51,4636520
8/1/2003,GAIL,120.6,100,124.45,100,124.35,123.75,122.28,2734659
8/4/2003,GAIL,123.75,122.95,123.9,120.65,121.65,121.7,122.06,2180788
8/5/2003,GAIL,121.7,122.75,123,118,119,119.6,119.94,1936646
8/6/2003,GAIL,119.6,117.75,120.75,116.65,119.9,118.95,118.82,1535096
8/7/2003,GAIL,118.95,119.7,129.4,119.5,128.7,128.05,125.52,5223426
8/8/2003,GAIL,128.05,129.9,130.4,125.35,128.55,128.75,128.07,2003650
8/11/2003,GAIL,128.75,128.5,133.85,127.15,132.15,132.15,131.78,2205106
8/12/2003,GAIL,132.15,133.3,133.95,129.55,130.35,130.25,131.29,1157480
8/13/2003,GAIL,130.25,131,134.4,130,133.7,133.75,132.84,1640966
8/14/2003,GAIL,133.75,134.4,135.35,131.55,133.15,132.7,133.84,1079974
8/18/2003,GAIL,132.7,134.7,139.4,130.3,136.7,136.5,136.98,1771913
8/19/2003,GAIL,136.5,138.35,138.5,135,136,135.9,136.84,956463
8/20/2003,GAIL,135.9,137,138.9,135,135.45,135.5,136.9,912843
8/21/2003,GAIL,135.5,137.4,138,134.5,135.5,135.3,135.94,1135429
8/22/2003,GAIL,135.3,136.7,137,133.65,136.9,136.3,135.88,1237820
8/25/2003,GAIL,136.3,138,138.1,122.1,127,127.05,129.95,1647432
8/26/2003,GAIL,127.05,127.15,132.5,127.15,131.35,130.9,130.15,1541550
8/27/2003,GAIL,130.9,132.3,135.35,130.5,131.8,131.75,132.94,1338474
8/28/2003,GAIL,131.75,133,133.8,129.35,130.55,130.5,131.66,1277980
8/29/2003,GAIL,130.5,132.5,135.85,131,133.5,133.5,133.62,1249346
9/1/2003,GAIL,133.5,135.45,142.8,134,142.25,141.6,138.39,2514560
9/2/2003,GAIL,141.6,144,144,137.1,138.2,138.35,139.83,1430142
9/3/2003,GAIL,138.35,139.9,142,137.2,139.7,138.4,139.9,1779210
9/4/2003,GAIL,138.4,139.75,139.75,135.9,138.65,137.95,137.77,707812
9/5/2003,GAIL,137.95,139.45,144.9,138.5,144.6,143.9,142.1,2256353
9/8/2003,GAIL,143.9,144.35,146.65,142.1,142.25,142.7,144.07,962750
9/9/2003,GAIL,142.7,143.85,144.95,138.5,139.25,138.95,141.37,1228261
9/10/2003,GAIL,138.95,139,140,137,139.8,139.5,138.8,621045
9/11/2003,GAIL,139.5,140.05,147,140.05,144.8,144.95,145.13,2308545
9/12/2003,GAIL,144.95,145,145,136,137.85,137.5,138.78,1464638
9/15/2003,GAIL,137.5,140,140,134.2,134.8,135.2,135.86,1129826
9/16/2003,GAIL,135.2,135,137.35,129.05,135,135,133.74,1401263
9/17/2003,GAIL,135,135,135,127.6,128.7,128.35,130.79,955655
9/18/2003,GAIL,128.35,130,131.5,121.65,125.4,124.95,127.04,1614218
9/19/2003,GAIL,124.95,126.25,127.5,119,127,126.35,124.59,856208
9/22/2003,GAIL,126.35,127.8,127.8,122,123,122.5,123.89,531363
9/23/2003,GAIL,122.5,122,125.4,120.65,124,122.8,123.11,973860
9/24/2003,GAIL,122.8,126.3,135,126.3,134.5,133.2,131.64,2461801
9/25/2003,GAIL,133.2,134.5,139.4,133.25,138.75,137.1,136.93,1655158
9/26/2003,GAIL,137.1,139.8,139.8,136.1,138.2,137.95,137.79,1149819
9/29/2003,GAIL,137.95,139.35,145.3,138,143,142.8,141.96,2025244
9/30/2003,GAIL,142.8,145.9,150.6,145.15,147,147.4,148.43,2403966
10/1/2003,GAIL,147.4,150,161.3,146.65,160.25,160.05,155.88,5992012
10/3/2003,GAIL,160.05,160.1,163.8,157.6,161,161.25,160.88,3207592
10/6/2003,GAIL,161.25,162.8,170.3,161.15,167.6,168.3,166.62,3223150
10/7/2003,GAIL,168.3,169.4,173,166.4,168,167.35,169.97,3161653
10/8/2003,GAIL,167.35,169,169.7,162.25,166.15,165.7,166.09,2000511
10/9/2003,GAIL,165.7,168.35,170,165.6,168,168.45,168.03,1902674
10/10/2003,GAIL,168.45,170.1,174.5,169,171,169.95,171.61,2141469
10/13/2003,GAIL,169.95,171.7,175,170.1,173.75,173.25,172.99,1463800
10/14/2003,GAIL,173.25,175,175,167,168.5,168.15,170.39,1412823
10/15/2003,GAIL,168.15,168.5,169,163.6,168.5,167.85,166.33,1205192
10/16/2003,GAIL,167.85,170,173.25,166.15,167,168.15,169.4,1793723
10/17/2003,GAIL,168.15,170,170,165.15,166.9,165.9,167.08,1087010
10/20/2003,GAIL,165.9,167,168.95,156.2,157.9,157.95,161.79,1413094
10/21/2003,GAIL,157.95,158,158.5,151,152.95,152.9,154.77,2002476
10/22/2003,GAIL,152.9,153.95,154.8,147.55,148.7,148.65,150.72,1792824
10/23/2003,GAIL,148.65,149.7,152.5,145.25,145.6,146.2,148.95,1537757
10/24/2003,GAIL,146.2,148,153.5,145.35,153.5,151.65,149.18,2191634
10/25/2003,GAIL,151.65,154.4,159.2,154.1,158.95,157.7,156.54,809959
10/27/2003,GAIL,157.7,159.9,159.9,149.6,150.45,150.7,154.21,1819206
10/28/2003,GAIL,150.7,151.5,152.4,147.15,149.5,149.3,150.06,1662992
10/29/2003,GAIL,149.3,147.5,157.8,147.5,156,156.55,154.9,4219367
10/30/2003,GAIL,156.55,156.9,159.3,153.15,156.8,158.2,157.04,2282625
10/31/2003,GAIL,158.2,159.2,164.8,157.55,163.75,162.35,162.37,2735408
11/3/2003,GAIL,162.35,169,171.4,163.55,171.2,169.35,167.2,2029542
11/4/2003,GAIL,169.35,172.25,173.9,169,171.45,171.9,171.91,2520878
11/5/2003,GAIL,171.9,172,178.3,169.8,175.35,175.15,174.84,3518529
11/6/2003,GAIL,175.15,176.4,180.35,173.55,174.75,175.2,176.95,2482131
11/7/2003,GAIL,175.2,175.15,176.45,170.1,170.7,171.25,172.91,1211443
11/10/2003,GAIL,171.25,170.3,173.5,167.1,172.8,172.3,171.86,841035
11/11/2003,GAIL,172.3,173.25,178,171.2,173.25,172.8,173.99,1694858
11/12/2003,GAIL,172.8,172.5,178.5,172.5,174.05,174.15,175.64,1642113
11/13/2003,GAIL,174.15,175.7,175.75,164.15,165.75,165.6,169.63,1934813
11/14/2003,GAIL,165.6,167,167,156.9,158.65,158,161.29,2043398
11/15/2003,GAIL,158,158.5,164.45,156.5,163.55,162.5,160.43,859834
11/17/2003,GAIL,162.5,168,182,160.3,164.15,163.75,163.01,1272020
11/18/2003,GAIL,163.75,165,166,160,161.8,161.85,163.02,1174551
11/19/2003,GAIL,161.85,162,164.5,158.1,160.7,160.4,161.1,1369656
11/20/2003,GAIL,160.4,162.3,163.8,158.1,159.8,159.25,161.6,1168463
11/21/2003,GAIL,159.25,158.5,162,155,162,160.75,158.7,1142630
11/24/2003,GAIL,160.75,163,163,159.35,160.55,160.45,160.93,995480
11/25/2003,GAIL,160.45,161.95,168.8,160.5,168.1,167.55,164.26,1952896
11/27/2003,GAIL,167.55,169.9,172.8,167.6,171.7,170.8,170.85,2775688
11/28/2003,GAIL,170.8,173,176.5,172.15,176.4,175.3,174.71,1758747
12/1/2003,GAIL,175.3,177.4,178.7,175.55,177.3,177.2,177.14,1826161
12/2/2003,GAIL,177.2,178.5,179.45,173,175.3,174.95,175.03,1087636
12/3/2003,GAIL,174.95,175.75,183.15,174.15,181.75,179.7,177.6,2502880
12/4/2003,GAIL,179.7,183,191.25,182.45,186.6,186.85,187.51,5465346
12/5/2003,GAIL,186.85,187.6,194.25,181.5,185.3,183.4,188.93,4726806
12/8/2003,GAIL,183.4,188,194.2,180.55,194,191.45,188.03,3327056
12/9/2003,GAIL,191.45,195,198,194,194.7,195.45,195.75,2685897
12/10/2003,GAIL,195.45,196,196.45,190.1,194.15,192.65,193.71,1716259
12/11/2003,GAIL,192.65,194.5,200.6,193.05,196.75,197,196.9,4219055
12/12/2003,GAIL,197,199,200.1,191.3,193.2,194.2,194.02,2785985
12/15/2003,GAIL,194.2,197.25,198.8,194,195,194.65,196.17,1944512
12/16/2003,GAIL,194.65,197.2,197.2,191.6,193.1,193.2,193.68,2874625
12/17/2003,GAIL,193.2,194.4,195.5,191.65,192.25,193.1,193.42,1933080
12/18/2003,GAIL,193.1,194.45,215,193.4,212.45,213.65,206.99,9981923
12/19/2003,GAIL,213.65,213.65,218,209.2,210.95,210.5,212.79,4312956
12/22/2003,GAIL,210.5,212,215.6,209.3,210.85,211.15,212.62,2604256
12/23/2003,GAIL,211.15,212,213,207.35,209.8,208.65,210.3,2038964
12/24/2003,GAIL,208.65,214.1,224,214,220.2,219.4,217.47,5874427
12/26/2003,GAIL,219.4,224,227.5,222.25,226,225.85,225.54,2442647
12/29/2003,GAIL,225.85,230,241.6,229.6,241,239.45,235.09,4311796
12/30/2003,GAIL,239.45,243,270.95,237.25,258.25,258.75,257.27,13425786
12/31/2003,GAIL,258.75,260,267.9,258.1,260.3,260.05,262.62,8318868
1/1/2004,GAIL,260.05,263,268.9,262.25,268.3,267.6,266.15,4474858
1/2/2004,GAIL,267.6,275.7,289.75,268.1,283.75,284.75,278.88,9522408
1/5/2004,GAIL,284.75,290,312,287.15,296.45,298.1,301.13,14946747
1/6/2004,GAIL,298.1,300.95,305.65,276.3,282,283.2,295.25,10361123
1/7/2004,GAIL,283.2,280,288.3,267.5,273.25,273.5,272.94,11072500
1/8/2004,GAIL,273.5,279,285.8,276,280.7,281.65,281.49,9284897
1/9/2004,GAIL,281.65,295,295,269,269.65,271.2,280.96,9908293
1/12/2004,GAIL,271.2,274.5,274.5,242.55,244.35,245.6,256.19,19588202
1/13/2004,GAIL,245.6,242,251.3,240.1,248.5,249.05,246.78,16599459
1/14/2004,GAIL,249.05,251.2,254,236.6,239.3,238.45,245.83,11079365
1/15/2004,GAIL,238.45,240.7,251.4,240.5,242.9,243.45,245.69,12758256
1/16/2004,GAIL,243.45,247,250,227.1,230.05,228.65,239.94,11716958
1/19/2004,GAIL,228.65,233.7,236,225.1,230,231.35,231.34,11655785
1/20/2004,GAIL,231.35,205.15,236.45,205.15,215.7,218.25,226.6,12354775
1/21/2004,GAIL,218.25,217.9,221.5,194.6,197.9,198.6,211.01,14982472
1/22/2004,GAIL,198.6,201,206.35,189.4,192.5,191.75,199.85,16106310
1/23/2004,GAIL,191.75,195.05,217.85,195,217.3,215.9,205.91,16723299
1/27/2004,GAIL,215.9,217.3,230.85,217.3,228.8,229.2,225.71,13003190
1/28/2004,GAIL,229.2,226,231,219.25,225,225,224.59,14010227
1/29/2004,GAIL,225,224.6,230.85,220.4,226,225.15,225.81,13295870
1/30/2004,GAIL,225.15,227,227.65,219.65,221,220.7,223.24,8851622
2/3/2004,GAIL,220.7,218.9,218.9,198.5,202.65,200.9,205.84,10517604
2/4/2004,GAIL,200.9,203.1,215,200.3,215,213.9,207.61,9030833
2/5/2004,GAIL,213.9,224.6,224.6,210.55,214.8,213.35,214.92,7439566
2/6/2004,GAIL,213.35,216,218.7,213.1,217.5,217.3,216.37,5299367
2/9/2004,GAIL,217.3,219.5,223.4,219.2,222.3,222.4,221.98,4520799
2/10/2004,GAIL,222.4,223.55,233.7,223.2,232.3,230.9,230.18,12878100
2/11/2004,GAIL,230.9,232.5,239.45,228,230,229.6,231.59,7724589
2/12/2004,GAIL,229.6,231,231.95,223.3,225.6,225.6,226.62,5878243
2/13/2004,GAIL,225.6,225.65,227.6,221.1,227.35,226.7,223.76,5066841
2/16/2004,GAIL,226.7,230.1,231,224,224.3,224.8,226.94,4506027
2/17/2004,GAIL,224.8,225.5,225.5,220.65,220.8,221.35,222.53,4470221
2/18/2004,GAIL,221.35,221.1,228.5,220.7,226.3,226.85,226.07,8246981
2/19/2004,GAIL,226.85,228.15,232.35,222,222.75,223.85,228.1,8923460
2/20/2004,GAIL,223.85,220.9,225.9,220.5,223.4,222.25,223.61,5177091
2/23/2004,GAIL,222.25,226.25,226.25,206.15,206.4,207.2,212.87,7961498
2/24/2004,GAIL,207.2,208,209.85,200.5,206.5,207.45,206.52,7091577
2/25/2004,GAIL,207.45,207.55,209.35,195,195.5,196.7,200.81,6109519
2/26/2004,GAIL,196.7,199.4,206.5,195.05,196.5,196.45,201.24,7116751
2/27/2004,GAIL,196.45,198.7,203,197.2,201.8,202.15,200.5,5484070
3/1/2004,GAIL,202.15,207,207,200.1,204.5,204.05,202.66,4236747
3/3/2004,GAIL,204.05,204.9,210,201.5,208.45,208.8,206.55,7248716
3/4/2004,GAIL,208.8,209.45,214.9,206.8,207.25,208,211.3,6678649
3/5/2004,GAIL,208,209.5,217.25,208.05,214.5,215.5,214.08,8924302
3/8/2004,GAIL,215.5,217.5,232.9,217.5,230.8,229.85,227.12,11702420
3/9/2004,GAIL,229.85,232,237.9,227.3,235.45,235.7,233.1,16912166
3/10/2004,GAIL,235.7,236.7,239.9,232.1,236.3,236.3,236.69,9494073
3/11/2004,GAIL,236.3,229,234.85,225.65,229,229.05,230.21,8705820
3/12/2004,GAIL,229.05,225,226.8,217.25,226.5,225.05,221.22,8043375
3/15/2004,GAIL,225.05,226.8,226.8,215,215.1,216.15,219.27,5755244
3/16/2004,GAIL,216.15,213.7,217.9,210.4,213.05,213.05,214.57,4278135
3/17/2004,GAIL,213.05,214.5,216.2,209,210,210.1,212.17,2669872
3/18/2004,GAIL,210.1,210,216,210,210.6,211.5,213.19,3432897
3/19/2004,GAIL,211.5,211.1,215.7,208.3,211.9,212.25,212.76,5419611
3/22/2004,GAIL,212.25,210,213.8,209.05,210.5,210.05,211.48,3646146
3/23/2004,GAIL,210.05,208.25,209.8,202,204.5,204.5,205.17,3895878
3/24/2004,GAIL,204.5,202,207.5,201.05,206.2,205.35,203.81,3264071
3/25/2004,GAIL,205.35,206,212.5,203.45,208.25,207.85,207.81,10812944
3/26/2004,GAIL,207.85,205,210.4,203.2,208.4,206.65,206.6,10681761
3/29/2004,GAIL,206.65,207,215.35,206.2,211.95,211.85,211.97,7109078
3/30/2004,GAIL,211.85,214.7,225,209.25,210.45,210.4,214.05,6050134
3/31/2004,GAIL,210.4,211.15,214.1,207.55,213.7,213.2,211.34,4521208
4/1/2004,GAIL,213.2,214.5,220,213.55,219.8,219.15,217.37,5685246
4/2/2004,GAIL,219.15,222.7,235,221.1,233.9,233.65,228.04,11331630
4/5/2004,GAIL,233.65,235,241.2,230.1,232.6,231.95,236.11,7502479
4/6/2004,GAIL,231.95,233,240.35,229.05,237,236.2,235.58,11913167
4/7/2004,GAIL,236.2,237.7,240.35,230,234.4,234.3,235.4,7350994
4/8/2004,GAIL,234.3,235,239.45,230.7,238.6,238.05,236.34,7515619
4/12/2004,GAIL,238.05,239.25,245.6,236.1,236.5,237.4,242.1,7233597
4/13/2004,GAIL,237.4,238.9,241.5,232.1,241.25,240.2,237.16,4668228
4/15/2004,GAIL,240.2,241,242.7,236.6,238.7,238.5,239.68,6436088
4/16/2004,GAIL,238.5,239,240.55,236.25,236.7,237.6,238.43,3842168
4/17/2004,GAIL,237.6,237,237.4,234.5,235.2,235.5,235.77,1063414
4/19/2004,GAIL,235.5,234,237.5,226.9,229.6,229.3,231.49,5452342
4/20/2004,GAIL,229.3,229.4,234,226,231.95,232.5,230.46,5378644
4/21/2004,GAIL,232.5,230,238.25,230,238,237.5,236.07,3103026
4/22/2004,GAIL,237.5,237.55,239.8,236.1,238.5,238.1,237.92,2411491
4/23/2004,GAIL,238.1,239.5,245.4,238,242.55,243.8,242.55,6206022
4/27/2004,GAIL,243.8,239.5,242.9,228,228.5,229.65,232.05,5319007
4/28/2004,GAIL,229.65,230,231,222.6,226.9,227,227.1,4685045
4/29/2004,GAIL,227,228,229.8,223.1,225.1,224.45,225.39,6917881
4/30/2004,GAIL,224.45,225.7,226.8,216.15,216.5,219,222.32,4223746
5/3/2004,GAIL,219,219.7,219.7,207.55,211.7,212.05,212.33,4156397
5/4/2004,GAIL,212.05,214.7,236,214.3,215.45,215.4,217.67,2561163
5/5/2004,GAIL,215.4,216.95,220.95,216.3,220.7,219.6,218.79,2392201
5/6/2004,GAIL,219.6,224,227.8,224,227.2,226.85,226.25,2528607
5/7/2004,GAIL,226.85,227,232.1,225.1,225.2,227.05,229.17,6893973
5/10/2004,GAIL,227.05,224.9,224.9,214.85,215,216.25,218.09,3177429
5/11/2004,GAIL,216.25,214,214,197.55,197.75,200.95,205.2,2827883
5/12/2004,GAIL,200.95,181.3,205.85,181.3,203.8,203.2,201.62,5343574
5/13/2004,GAIL,203.2,190,207.5,180,203.9,202.6,199.76,6255401
5/14/2004,GAIL,202.6,201.5,210,160.6,163.45,164.6,175.67,9307165
5/17/2004,GAIL,164.6,160,160.1,101.25,133,128.25,136.42,9183897
5/18/2004,GAIL,128.25,141.05,179.55,139,164.5,169.3,157.74,14282865
5/19/2004,GAIL,169.3,174.7,179,162.1,169,169,168.95,9086501
5/20/2004,GAIL,169,162,176.9,140,172,170.25,171.03,9192976
5/21/2004,GAIL,170.25,170,171,156.7,171,169.6,164.7,5986865
5/24/2004,GAIL,169.6,173.5,178.7,172.65,174,175.05,175.1,4014722
5/25/2004,GAIL,175.05,174.05,175,164.1,165.1,166.35,167.68,4430553
5/26/2004,GAIL,166.35,168,171.85,165.2,165.5,166.9,169.49,3850083
5/27/2004,GAIL,166.9,165.8,168.45,164,165,165,165.69,3724963
5/28/2004,GAIL,165,165.4,165.4,150.75,154.75,153.05,160.56,4627544
5/31/2004,GAIL,153.05,150,160.6,141,157.25,157.1,154.3,6567762
6/1/2004,GAIL,157.1,155,169.9,153,168.1,168.3,165.07,7382139
6/2/2004,GAIL,168.3,168.9,170.7,165.25,169.85,168.15,167.82,3622562
6/3/2004,GAIL,168.15,171.1,175.6,165.5,166.5,167.3,171.82,6360986
6/4/2004,GAIL,167.3,168.4,172,164.5,171.65,170.75,167.9,3105090
6/7/2004,GAIL,170.75,178,178,168,170.05,169.6,170.86,2466388
6/8/2004,GAIL,169.6,172.5,172.9,166.5,172.6,171.7,169.5,2574229
6/9/2004,GAIL,171.7,174.9,174.9,171,172.7,172.75,172.98,2520784
6/10/2004,GAIL,172.75,172,176.5,169.7,170.2,170.5,172.68,3004768
6/11/2004,GAIL,170.5,170.1,171.4,166.1,168.3,167.05,168.7,2254845
6/14/2004,GAIL,167.05,168,169.5,164.15,165.05,165.35,166.02,4300887
6/15/2004,GAIL,165.35,166,169.3,165.15,167.5,167.1,167.09,1902953
6/16/2004,GAIL,167.1,170.5,174.75,166.15,169.35,168.45,170.01,3126564
6/17/2004,GAIL,168.45,167.3,171.9,166.1,171.2,170.45,168.06,1683388
6/18/2004,GAIL,170.45,171,171.8,166.5,167.15,167.75,168.98,1640700
6/21/2004,GAIL,167.75,168.1,169.9,165,165.25,165.9,166.62,1360959
6/22/2004,GAIL,165.9,167.4,169.7,165,168.5,167.2,167.57,2061546
6/23/2004,GAIL,167.2,170,170,163.5,164.5,164.9,165.76,3295526
6/24/2004,GAIL,164.9,164,167.95,158.65,167.5,165.95,162.97,4475820
6/25/2004,GAIL,165.95,167,168.9,165.45,168.6,167.8,167.37,1950152
6/28/2004,GAIL,167.8,169,173,166.9,172.3,171.5,170.4,2272649
6/29/2004,GAIL,171.5,172.5,178.9,170.5,176.5,176.85,175.91,3858158
6/30/2004,GAIL,176.85,177.5,181.35,169.1,170.1,170.15,174.46,5854812
7/1/2004,GAIL,170.15,170.9,173.7,169.25,173.4,172.9,171.72,3476952
7/2/2004,GAIL,172.9,171.9,172.3,167.8,169.8,169.45,170.47,3163575
7/5/2004,GAIL,169.45,169,170.3,165.2,165.3,166.15,167.38,2140966
7/6/2004,GAIL,166.15,164.8,173.85,164.8,172.7,172.75,170.01,4376765
7/7/2004,GAIL,172.75,173,184.2,171.5,181.15,181.6,179.03,7590521
7/8/2004,GAIL,181.6,183,185,179,183.1,182.45,181.97,6379741
7/9/2004,GAIL,182.45,180.5,189.15,174.1,186.65,187.15,183.88,2775938
7/12/2004,GAIL,187.15,187,187,184,185.55,185.35,185.37,1394060
7/13/2004,GAIL,185.35,185.55,188.2,181.6,184.8,184.8,184.76,2007095
7/14/2004,GAIL,184.8,185.5,185.5,179.6,179.6,180.65,182.12,1915159
7/15/2004,GAIL,180.65,182,183.75,177.6,182.35,182,181.52,2363727
7/16/2004,GAIL,182,185,189.65,183,188.1,188.6,187.15,3171978
7/19/2004,GAIL,188.6,186,192.55,186,188.85,189.35,190.37,2615631
7/20/2004,GAIL,189.35,189.9,190.35,184.7,186.05,186.2,186.79,1603396
7/21/2004,GAIL,186.2,187.5,194,186.1,194,191.6,190.55,3164200
7/22/2004,GAIL,191.6,193.45,195.25,187.8,189.7,189.05,191.88,2431328
7/23/2004,GAIL,189.05,191,191.1,186.6,187.6,188.5,188.03,1133259
7/26/2004,GAIL,188.5,186.2,191.45,184,190.1,190.3,189.74,1469960
7/27/2004,GAIL,190.3,190.9,193.55,187.2,189,188.9,190.48,1906433
7/28/2004,GAIL,188.9,189,190,185.35,186.55,186.5,187.21,1064985
7/29/2004,GAIL,186.5,189.9,199.7,185.4,196.6,196.65,193.16,3849827
7/30/2004,GAIL,196.65,198,201.3,194.85,195,196,197.58,2944995
8/2/2004,GAIL,196,195.1,195.1,187.75,191,190.4,191.3,1842021
8/3/2004,GAIL,190.4,195,195,185.5,187.35,186.65,189.52,1975764
8/4/2004,GAIL,186.65,186,188.4,185,185.95,186.05,186.38,1446555
8/5/2004,GAIL,186.05,185.4,187.4,181.5,186.9,185.95,185.17,2443364
8/6/2004,GAIL,185.95,186,188.2,182.25,183.25,183.45,185.64,1367032
8/9/2004,GAIL,183.45,180,185,180,184.2,184.25,182.92,1503618
8/10/2004,GAIL,184.25,185,186.95,184.2,185.2,185.6,185.49,1140530
8/11/2004,GAIL,185.6,187,191.4,181.2,182.25,182.1,187.3,2423983
8/12/2004,GAIL,182.1,183,184.65,179.7,182.4,181.75,181.89,2438454
8/13/2004,GAIL,181.75,182,183.4,178.65,179.5,179.7,180.92,1936462
8/16/2004,GAIL,179.7,179.9,181,176.5,178.8,178.8,177.96,1131681
8/17/2004,GAIL,178.8,180,182.3,176.6,177,177.95,180.12,1506263
8/18/2004,GAIL,177.95,179.7,179.7,175.75,176.25,176.6,178,935418
8/19/2004,GAIL,176.6,178.5,179,176.3,177.75,177.95,177.84,1553740
8/20/2004,GAIL,177.95,178,178,171.7,173.25,173.2,173.83,1417183
8/23/2004,GAIL,173.2,174,174.6,170.15,171.75,171.25,172.4,1560268
8/24/2004,GAIL,171.25,172,174.55,171.7,173.4,173.6,173.49,1048404
8/25/2004,GAIL,173.6,175.7,177,175.1,175.85,176.1,176.18,912216
8/26/2004,GAIL,176.1,176,178.25,176,178,177.8,177.64,1852133
8/27/2004,GAIL,177.8,179,182,178.2,180.9,181.1,180.67,1579756
8/30/2004,GAIL,181.1,183,183,180.15,182.7,182.6,182.3,847669
8/31/2004,GAIL,182.6,183,185.55,182.1,183.9,184.75,184.32,1187066
9/1/2004,GAIL,184.75,184.45,185.4,182.3,182.65,182.95,183.31,790828
9/2/2004,GAIL,182.95,183,183.75,179.55,180.05,180.35,181.22,1143533
9/3/2004,GAIL,180.35,180.8,180.8,177.6,177.8,178,178.43,1157016
9/6/2004,GAIL,178,179,183.9,178.55,181.85,181.75,181.6,1598184
9/7/2004,GAIL,181.75,183,185.25,181.8,184.85,184.9,184.09,1624815
9/8/2004,GAIL,184.9,185.1,186.55,184.05,185,184.85,185.05,1496928
9/9/2004,GAIL,184.85,185,187,181.1,185.75,185.55,184.45,2549213
9/10/2004,GAIL,185.55,188,188,185.1,186.1,186.6,186.23,2330733
9/13/2004,GAIL,186.6,184,186.1,180.75,182.9,182.25,182.09,2513404
9/14/2004,GAIL,182.25,183.5,185.8,181.55,184.8,184.9,184.26,2107365
9/15/2004,GAIL,184.9,185,185.85,182.5,184,183.65,183.68,1346017
9/16/2004,GAIL,183.65,184.15,184.7,182.55,184.05,183.95,183.95,984945
9/17/2004,GAIL,183.95,184.2,189.3,184.2,189,188.55,187.57,2044595
9/20/2004,GAIL,188.55,189,193.2,188.25,189.8,189.6,191.16,2926095
9/21/2004,GAIL,189.6,190.5,196.65,189.5,196.65,195.85,194.11,2887028
9/22/2004,GAIL,195.85,197,199.9,195.1,196.3,197.25,198.29,3594306
9/23/2004,GAIL,197.25,195.55,197,191.05,191.6,191.75,193.58,2293889
9/24/2004,GAIL,191.75,192.65,195.9,189.6,190.8,190.5,191.93,1380073
9/27/2004,GAIL,190.5,191.95,191.95,185.35,186.7,186.9,187.35,1429986
9/28/2004,GAIL,186.9,186.9,188.8,184.3,186,186.25,187.09,1949782
9/29/2004,GAIL,186.25,187,191.95,186.55,191.85,190.95,188.91,3277351
9/30/2004,GAIL,190.95,192.95,193,189.25,190,190.7,191.67,2176945
10/1/2004,GAIL,190.7,190.95,195.9,189.1,194.7,195,193.88,1652117
10/4/2004,GAIL,195,197,198.9,192.6,193.6,194.05,196.38,2240423
10/5/2004,GAIL,194.05,195.95,202.65,194.25,201.85,200.75,198.35,3474075
10/6/2004,GAIL,200.75,214.3,215,200.05,200.5,200.7,203.81,3964420
10/7/2004,GAIL,200.7,199,202.5,198,198.7,199.35,200.31,2325714
10/8/2004,GAIL,199.35,199.35,201.8,199,199.5,200.4,200.42,1586445
10/9/2004,GAIL,200.4,201.6,203,199.3,201.65,201.95,201.83,594632
10/11/2004,GAIL,201.95,201.2,203.8,196,196.5,197,200.12,1142444
10/12/2004,GAIL,197,197.45,198.9,192,192.35,192.85,194.37,1061956
10/14/2004,GAIL,192.85,193.9,197.45,190.55,196.9,196.35,194.79,1015078
10/15/2004,GAIL,196.35,198.35,202.55,194.3,198.15,198.85,199.14,2366038
10/18/2004,GAIL,198.85,198,200.45,195.6,197,196.7,198.52,1763114
10/19/2004,GAIL,196.7,199,199,194.7,197.3,197.05,196.47,1843825
10/20/2004,GAIL,197.05,197.65,201.15,197.1,198.2,198.45,199.22,1571017
10/21/2004,GAIL,198.45,198,200,192.55,199.55,198.95,198.14,908997
10/25/2004,GAIL,198.95,199.8,199.8,192,192.25,193.8,194.87,676468
10/26/2004,GAIL,193.8,193,195,189,193.7,194.2,192.96,881101
10/27/2004,GAIL,194.2,193.25,195.95,191.1,194.8,194.05,194.33,964388
10/28/2004,GAIL,194.05,195.2,201.5,194.4,200,198.25,197.22,1677599
10/29/2004,GAIL,198.25,201,201,193.8,194.65,195.1,195.89,750803
11/1/2004,GAIL,195.1,198,203.9,198,201.75,201.6,201.66,3250793
11/2/2004,GAIL,201.6,202.5,206.95,202.5,205.65,205.5,205.77,2585935
11/3/2004,GAIL,205.5,206,211.5,206,210.85,210.3,208.83,2920946
11/4/2004,GAIL,210.3,211.2,212,206,209,209.35,209.43,2261109
11/5/2004,GAIL,209.35,219.9,219.9,210.1,210.55,211.45,212.72,1802615
11/8/2004,GAIL,211.45,212,213,209,209,209.45,210.23,676879
11/9/2004,GAIL,209.45,209,209,205.15,206.5,206.35,206.4,1086649
11/10/2004,GAIL,206.35,208,239,207.25,209.15,208.85,209.18,742096
11/11/2004,GAIL,208.85,210.9,211.85,206.75,209,208.9,208.67,695377
11/12/2004,GAIL,208.9,210,211.7,206.55,207,207.75,207.91,369156
11/16/2004,GAIL,207.75,207.5,208.4,206.1,206.5,206.95,206.71,419502
11/17/2004,GAIL,206.95,207.3,210,207,208.8,208.5,208.6,561555
11/18/2004,GAIL,208.5,208.9,209.9,206.4,206.5,207.25,207.63,562454
11/19/2004,GAIL,207.25,207,208.9,204.25,204.6,205.8,207.19,1170442
11/22/2004,GAIL,205.8,204.05,206.9,203,205.55,205.45,204.73,740536
11/23/2004,GAIL,205.45,206,211.3,205.05,209.25,209.25,208.83,1097687
11/24/2004,GAIL,209.25,211.7,214.1,210,211.9,211.6,212.37,1296069
11/25/2004,GAIL,211.6,211,211.9,206.7,208,208.55,209.48,668264
11/29/2004,GAIL,208.55,211,214.4,208,214.3,213.4,211.2,691711
11/30/2004,GAIL,213.4,214.4,219,214.4,218.1,218,217.5,1965959
12/1/2004,GAIL,218,219,222.4,216.55,220.8,220.1,219.81,1469808
12/2/2004,GAIL,220.1,221.5,230.7,221.5,230,229.6,227.19,2740410
12/3/2004,GAIL,229.6,231.7,232.6,224.6,225.6,225.75,227.82,1166757
12/6/2004,GAIL,225.75,228,230,226.3,228,228.85,228.13,1199704
12/7/2004,GAIL,228.85,228.1,234.4,224.1,233.25,232.95,229.69,1835843
12/8/2004,GAIL,232.95,233.1,235.2,229.7,231.5,232.05,233.12,1428560
12/9/2004,GAIL,232.05,232,234.8,229.25,233,232.6,231.52,1341447
12/10/2004,GAIL,232.6,229.4,234,228,228.5,229.4,230.89,575625
12/13/2004,GAIL,229.4,230.1,240,228,240,238.9,234.1,2344639
12/14/2004,GAIL,238.9,239,242.5,238.2,241.25,241.75,240.07,1547623
12/15/2004,GAIL,241.75,242.4,242.9,238,238,238.85,239.54,842024
12/16/2004,GAIL,238.85,242.95,242.95,238,238.4,238.7,239.28,966823
12/17/2004,GAIL,238.7,239.9,242.9,236.05,238.8,239.05,239.98,1066115
12/20/2004,GAIL,239.05,239.9,241.4,237.6,238.05,238.6,239.37,900688
12/21/2004,GAIL,238.6,240,245.8,239.1,241,240.55,240.5,693118
12/22/2004,GAIL,240.55,243.5,243.5,235.2,236.65,237.95,239.53,1069209
12/23/2004,GAIL,237.95,233.5,240,233.5,238.5,237.85,237.85,395219
12/24/2004,GAIL,237.85,237.55,240.4,234.5,238.75,238.1,237.88,485897
12/27/2004,GAIL,238.1,237,237.95,231,233.7,234.45,235.07,423992
12/28/2004,GAIL,234.45,236,236.9,233.3,235.75,234.75,234.84,414915
12/29/2004,GAIL,234.75,239.4,239.4,231,234.5,235.25,235.64,488949
12/30/2004,GAIL,235.25,236.1,236.1,229,230.95,230,231.77,1251443
12/31/2004,GAIL,230,234.9,234.9,229.05,230,231,231,341990
1/3/2005,GAIL,231,233.05,254,232.35,253.75,250.45,244.22,2211153
1/4/2005,GAIL,250.45,254,265.8,247.1,249.3,249.9,252.81,2289815
